club_name,league_name
1. FC Brno,Other
1. FC Köln,1 Bundesliga
1.FC Heidenheim,Other
1.FC Kaiserslautern,1 Bundesliga
1.FC Köln U19,Other
1.FC Magdeburg,Other
1.FC Nuremberg,1 Bundesliga
1.FC Saarbrücken,1 Bundesliga
1.FC Union Berlin,1 Bundesliga
1.FSV Mainz 05,1 Bundesliga
1.SC Feucht,Other
1º de Agosto,Other
A. Aachen II,Other
A. Malagueño,Other
A.I.S.,Other
AA La Louviere,Other
AC Ajaccio,Ligue 1
AC Arles,Other
AC Bellinzona,Switzerland
AC Cesena,Serie A
AC Fiorentina,Serie A
AC Horsens,Denmark
AC Le Havre,Ligue 1
AC Merlan Lome,Other
AC Milan,Serie A
AC Montichiari,Other
AC Parma,Serie A
AC Perugia,Serie A
AC Pisa,Other
AC Reggiana,Serie A
AC Siena,Serie A
AC Venezia 1907,Serie A
ACD Treviso,Serie A
ACF Fiorentina,Serie A
AD Limonense,Other
ADO Den Haag,Eredivisie
AE Larisa,Other
AEK Athens,Greece
AFC Bournemouth,Premier League
AFC Wimbledon,Other
AGOVV Apeldoorn,Other
AIK,Sweden
AJ Auxerre,Ligue 1
AO Egaleo,Other
APOEL Nicosia,Other
AS Avellino,Other
AS Bamako,Other
AS Bari,Serie A
AS Cannes,Ligue 1
AS Gubbio,Other
AS Livorno,Serie A
AS Monaco,Ligue 1
AS Nancy-Lorraine,Ligue 1
AS Pescina,Other
AS Red Star 93,Other
AS Roma,Serie A
AS Saint-Étienne,Ligue 1
AS Trencin,Other
AS Vita Club,Other
ASEC Mimosas,Other
ASO Chlef,Other
AZ Alkmaar,Eredivisie
Aalborg BK,Denmark
Aalesund,Norway
Aarhus GF,Other
Aberdeen FC,Scotland
Académica Coimbra,Liga Nos
Académico Viseu,Other
Accrington,Other
Adelaide United,Other
Admira Wacker,Austria
Admira/Wacker,Other
Ahli,Other
Ajax Amsterdam,Eredivisie
Ajax Cape Town,Other
Akad. Togliatti,Other
Akademisk BK,Other
Akhisar Belediye,Turkey
Akhmat Grozny,Premier Liga
Al-Ahli (UAE),Other
Al-Ahli SC,Other
Al-Ain FC,Other
Al-Arabi SC,Other
Al-Duhail SC,Other
Al-Jamahiriyah,Other
Al-Jazira,Other
Al-Rayyan SC,Other
Al-Sadd SC,Other
Al-Shorta SC,Other
Al-Wasl,Other
Alanyaspor,Turkey
Albacete Balompié,Primera Division
Albirex Niigata,Other
Alcorcón,Other
Aldershot Town,Other
Alem. Aachen,Other
Alemannia Aachen,1 Bundesliga
Alessandria,Other
Alianza FC,Other
Alianza Lima,Other
Almere City,Other
Altay SK,Turkey
Altinordu,Other
Altrincham,Other
Ambrosiana,Other
Amica Wronki,Polonia
Amiens SC,Ligue 1
Amkar Perm,Premier Liga
América-MG,Other
Ancona Calcio,Serie A
Andria,Other
Annan Athletic,Other
Anorthosis,Other
Antalyaspor,Turkey
Anyang LG Cheeta,Other
Anzhi Makhachkala,Premier Liga
Aparecida,Other
Apol. Limassol,Other
Arezzo,Other
Argentinos Jrs.,Argentina
Aris Saloniki,Other
Arm. Bielefeld,Other
Arminia Bielefeld,1 Bundesliga
Arsenal FC,Premier League
Arsenal Kyiv,Other
Arsenal Tula,Premier Liga
Artmedia Brat.,Other
Arzanese,Other
Asante Kotoko,Other
Aschaffenburg,Other
Ascoli Calcio 1898,Serie A
Association Troyes Aube Champagne,Ligue 1
Assyriska FF,Sweden
Asteras Tripoli,Greece
Aston Villa,Premier League
Atalanta BC,Serie A
Athletic Bilbao,Primera Division
Athletico-PR,Other
Atl. Madrid B,Other
Atl. Nacional,Other
Atlanta United,Usa
Atlantas,Other
Atlas,Mexico
Atletico Roma,Other
Atlético Colombia,Other
Atlético Huila,Other
Atlético Madrid,Primera Division
Atlético-MG,Other
Atlético-PR,Other
Atromitos Athen,Other
Audax Italiano,Chile
Austria Kärnten,Austria
Austria Vienna,Austria
Avangard Kursk,Other
Avaí FC,Brazil
Avellino,Other
Aversa Norm.,Other
B. Banja Luka,Other
B. Jerusalem,Other
B. Podgorica,Other
B.93,Other
B68 Toftir,Other
BATE Borisov,Other
BJ Guoan,Other
BK Frem,Other
BSC Young Boys,Switzerland
Babelsberg 03,Other
Baladeya,Other
Baltika Kaliningrad,Other
Banik Ostrava,Other
Banska Bystrica,Other
Barcelona SC,Other
Barnet,Other
Barnsley FC,Premier League
Barra FC,Other
Barry Town,Other
Barton Rovers,Other
Barueri,Other
Basaksehir,Other
Bay. Uerdingen,Other
Bayer 04 Leverkusen,1 Bundesliga
Bayer 05 Uerdingen,1 Bundesliga
Bayern Munich,1 Bundesliga
Belenenses SAD,Liga Nos
Belgrano,Argentina
Bellm. Hiratsuka,Other
Belvedere FC,Other
Benevento Calcio,Serie A
Berekum Arsenal,Other
Besiktas,Turkey
Bihor Oradea,Other
Birmingham City,Premier League
Blackburn Rovers,Premier League
Blackpool FC,Premier League
Bnei Yehuda,Other
Boavista FC,Liga Nos
Boca Juniors,Argentina
Bodø/Glimt,Norway
Bohemians,Other
Bohemians 1905,Other
Bologna FC 1909,Serie A
Bolton Wanderers,Premier League
Borac Cacak,Other
Boreham Wood,Other
Borussia Dortmund,1 Bundesliga
Borussia Mönchengladbach,1 Bundesliga
Boston River,Uruguay
Botafogo,Brazil
Botev Plovdiv,Other
Bourg-en-Bresse,Other
Bradford City,Premier League
Bragantino,Brazil
Brasa,Other
Brasiliense-DF,Other
Bray Wanderers,Other
Brentford FC,Premier League
Brescia Calcio,Serie A
Brighton & Hove Albion,Premier League
Brisbane Roar,Other
Bristol City,Premier League
Bristol Rovers,Other
Brommapojkarna,Sweden
Bryne FK,Norway
Bröndby IF,Other
Buildcon FC,Other
Bunyodkor,Other
Burgos CF,Primera Division
Buriram Utd.,Other
Burnley FC,Premier League
Bursaspor,Turkey
Burton Albion,Premier League
Bury,Other
Bury Town,Other
Busan I'Cons,Other
C. Rizespor,Other
CA Banfield,Argentina
CA Bizertin,Other
CA Colón,Argentina
CA Fénix,Uruguay
CA Osasuna,Primera Division
CA Rosario,Other
CA Talleres,Argentina
CA Valdevez,Other
CABJ U20,Other
CC Yatai,Other
CD Castellón,Other
CD Cruz Azul,Mexico
CD El Nacional,Other
CD Feirense,Liga Nos
CD Fátima,Other
CD Guadalajara,Mexico
CD La Equidad,Other
CD Leganés,Primera Division
CD Lugo,Other
CD Nacional,Liga Nos
CD Numancia,Primera Division
CD Ourense,Other
CD Santa Clara,Other
CD Tenerife,Primera Division
CD Tondela,Liga Nos
CDUC,Other
CF Estrela Amadora SAD,Liga Nos
CF Extremadura (diss.),Primera Division
CF Pachuca,Mexico
CFR Cluj,Romania
CP Mérida (diss.),Primera Division
CR Belouizdad,Other
CRB,Other
CS Marítimo,Liga Nos
CS Sedan-Ardennes,Ligue 1
CS Sfaxien,Other
CS U Craiova,Other
CSKA Moscow,Premier Liga
CSKA Sofia,Other
CSKA-Sofia,Other
Cagliari Calcio,Serie A
Calcio Catania,Serie A
Calcio Monza,Other
Calcio Padova,Serie A
Cambridge Utd.,Other
Cambuur L.,Other
Cambuur-Leeuwarden bvo,Eredivisie
Campodarsego,Other
Carabobo FC,Other
Caracas FC,Other
Cardiff City,Premier League
Career break,Other
Carl Zeiss Jena,Other
Carlisle United,Other
Carpi FC 1909,Serie A
Carrarese,Other
Casino Salzburg,Other
Cassis Carnoux,Other
Castel di Sangr,Other
Catanzaro,Other
Ceará SC,Brazil
Celano,Other
Celta de Vigo,Primera Division
Celtic,Scotland
Central Coast,Other
Cercle Brugge,Belgium
Cerezo Osaka,Other
Cerro Porteño,Other
Chacarita Jrs,Other
Chaika Pes.,Other
Chamois Niort,Other
Chapecoense,Brazil
Charlton Athletic,Premier League
Chelmsford City,Other
Chelsea FC,Premier League
Cheltenham,Other
Chemnitzer FC,Other
Chernomorets N.,Other
Cherry Orchard FC,Other
Chertanovo,Other
Chertsey,Other
Chester City,Other
Chesterfield FC,Other
Chiapas FC,Other
Chicago Fire,Usa
Chieti,Other
Chievo Verona,Serie A
Chippenham,Other
Chivas,Other
Chivas USA,Usa
Chmel Blsany,Other
Chunnam Dragons,Other
Cianorte,Other
Cienciano,Other
Cittadella,Other
Ciudad Murcia,Other
Clermont Foot,Other
Cliftonville,Other
Club Africain,Other
Club América,Mexico
Club Brugge,Belgium
Club Tijuana,Mexico
Cobreloa,Chile
Coimbra-MG,Other
Colchester United,Premier League
Colchester Utd.,Other
Colo Colo,Chile
Columbus Crew,Other
Comercial-SP,Other
Como Calcio,Serie A
Corinthians,Brazil
Coritiba FC,Brazil
Cork City,Other
Cortuluá,Other
Cosenza,Other
Coventry City,Premier League
Covilhã,Other
Cracovia,Polonia
Crawley Town,Other
Crewe Alexandra,Premier League
Croatia Zagreb,Other
Cruzeiro,Brazil
Crystal Palace,Premier League
Cukaricki,Other
Cádiz CF,Primera Division
Córdoba CF,Primera Division
D.C. United,Usa
DL Pro,Other
DL Shide,Other
Dag & Red FC,Other
Damash Gilan,Other
Danubio FC,Uruguay
Darlington,Other
Dartford,Other
De Graafschap Doetinchem,Eredivisie
Debrecen,Hungary
Defensa,Argentina
Defensor,Uruguay
Delfino Pescara 1936,Serie A
Denizlispor,Turkey
Dep. La Coruña,Other
Dep. La Guaira,Other
Deportivo Alavés,Primera Division
Deportivo Cali,Other
Deportivo Lara,Other
Deportivo de La Coruña,Primera Division
Derby County,Premier League
Derry City,Other
Desp. Brasil,Other
Desportivo Aves,Liga Nos
Diables Noirs,Other
Dijon FCO,Ligue 1
Din. Zagreb II,Other
Dinamo Bryansk,Other
Dinamo Bucarest,Romania
Dinamo Minsk,Other
Dinamo Tbilisi,Other
Dinamo Zagreb,Croatia
Dinamo-Gazovik Tyumen,Other
Djoliba AC,Other
Djurgarden,Other
Dnepr Smolensk,Other
Dnipro,Ukraine
Doncaster Rovers,Premier League
Dordrecht'90,Other
Dresdner SC,Other
Dulwich Hamlet FC,Other
Dumbarton FC,Scotland
Dunajska Streda,Other
Dundalk FC,Other
Dundee FC,Scotland
Dundee United,Scotland
Dunfermline A.,Other
Dynamo Brest,Other
Dynamo Kyiv,Ukraine
Dynamo Moscow,Premier Liga
E. Braunschweig,Other
E. Frankfurt,Other
EA Guingamp,Ligue 1
EC Bahia,Other
EC Pelotas (RS),Other
EC Vitória,Other
ES Sahel,Other
ES Troyes AC,Ligue 1
ETO FC Győr,Other
East Fife,Other
Eastleigh FC,Other
Eastwood Town,Other
Ebbsfleet Utd,Other
Eintracht Braunschweig,1 Bundesliga
Eintracht Frankfurt,1 Bundesliga
Eintracht Trier,Other
El Ahly,Other
El Gouna,Other
El Masry,Other
Elche CF,Primera Division
Elfsborg,Sweden
Enisey Krasnoyarsk,Other
Enppi SC,Other
Entente SSG,Other
Enugu Rangers,Other
Envigado,Other
Ergotelis,Greece
Ermis Aradippou,Other
Erzgebirge Aue,Other
Esbjerg fB,Denmark
Española,Uruguay
Esperance,Other
Estoril Praia,Liga Nos
Estudiantes,Argentina
Everton FC,Premier League
Exc. Mouscron,Other
Exeter City,Other
F. Düsseldorf,Other
FA Selangor,Other
FAR Rabat,Other
FBC Melgar,Other
FC 08 Homburg,Other
FC Aarau,Switzerland
FC Alverca,Liga Nos
FC Arouca,Other
FC Ashdod,Other
FC Astana,Other
FC Augsburg,1 Bundesliga
FC Barcelona,Primera Division
FC Basel,Switzerland
FC Botosani,Other
FC Cartagena,Other
FC Chiasso,Other
FC Copenhagen,Denmark
FC Crotone,Serie A
FC Dallas,Usa
FC Den Bosch,Other
FC Dila,Other
FC Dordrecht,Other
FC Eindhoven,Other
FC Emmen,Eredivisie
FC Empoli,Serie A
FC Energie Cottbus,1 Bundesliga
FC Famalicão,Liga Nos
FC Flora,Other
FC Girondins Bordeaux,Ligue 1
FC Groningen,Eredivisie
FC Gueugnon,Other
FC Gütersloh,Other
FC Haka,Other
FC Hansa Rostock,1 Bundesliga
FC Ingolstadt 04,1 Bundesliga
FC Internazionale,Serie A
FC Istres Ouest Provence,Ligue 1
FC Jokerit,Other
FC Koper,Other
FC Kärnten,Austria
FC Lahti,Other
FC Liefering,Other
FC Locomotive,Other
FC Lorient,Ligue 1
FC Lugano,Switzerland
FC Lustenau,Other
FC Luzern,Switzerland
FC Messina Peloro,Serie A
FC Metz,Ligue 1
FC Midtjylland,Denmark
FC NITEL Lagos,Other
FC Nantes,Ligue 1
FC National,Other
FC Omniworld,Other
FC Oss,Other
FC Pasching,Other
FC Paços de Ferreira,Liga Nos
FC Penafiel,Liga Nos
FC Porto,Liga Nos
FC Schalke 04,1 Bundesliga
FC Senec,Other
FC Seoul,Other
FC Shkupi,Other
FC Sion,Switzerland
FC Sochaux-Montbéliard,Ligue 1
FC Sochi,Premier Liga
FC St. Gallen,Switzerland
FC St. Pauli,1 Bundesliga
FC Starnberg,Other
FC São Paulo B,Other
FC Thun,Switzerland
FC Timisoara,Other
FC Tirol,Austria
FC Tokyo,Other
FC Toulouse,Ligue 1
FC Twente U21,Other
FC U Craiova,Romania
FC Utrecht,Eredivisie
FC Vaduz,Other
FC Vaslui,Romania
FC Viitorul,Romania
FC Volendam,Other
FC Voluntari,Romania
FC Vysocina,Other
FC Wacker,Austria
FC Wil 1900,Switzerland
FC Zwolle,Other
FC Zürich,Switzerland
FC Évian Thonon Gaillard,Ligue 1
FCSB,Romania
FF Jaro,Other
FK Jablonec,Other
FK Khimki,Other
FK Krasnodar,Premier Liga
FK Lyn,Other
FK Moskau,Other
FK Orenburg,Premier Liga
FK Pardubice,Other
FK Partizani,Other
FK Rostov,Premier Liga
FK Teplice,Other
FK Tosno,Other
FK Ufa,Premier Liga
FS Stars,Other
FSV Frankfurt,Other
FUS Rabat,Other
FV Bad Honnef,Other
Falkenberg,Sweden
Falkirk FC,Scotland
Fenerbahce,Turkey
Ferencváros,Hungary
Ferro,Brazil
Feyenoord Rotterdam,Eredivisie
Figueirense FC,Brazil
Flamengo,Brazil
Fleetwood,Other
Florentia,Other
Floriana,Other
Fluminense,Brazil
Foggia Calcio,Other
Foligno,Other
Foolad,Other
Forest Green,Other
Fortuna Düsseldorf,1 Bundesliga
Fortuna Sittard,Eredivisie
Fraserburgh,Other
Fredrikstad,Norway
Frosinone Calcio,Serie A
Fulham FC,Premier League
Füchse Berlin,Other
G. Ajaccio,Other
G. Bordeaux,Other
GAIS,Sweden
GB Oftasspor,Other
GC Zürich U18,Other
GC Zürich U21,Other
GD Chaves,Liga Nos
GD Ribeirão,Other
GFCO Ajaccio,Other
GIF Sundsvall,Sweden
GKS Belchatow,Other
GNFC,Other
GO Audax,Other
GZ Evergrande,Other
Gaish,Other
Galatasaray,Turkey
Galway United,Other
Gamba Osaka,Other
Gaziantepspor,Turkey
Gazovik Orenburg,Other
Genclerbirligi,Other
Genoa 1893,Other
Genoa CFC,Serie A
Germ. Beerschot,Other
Getafe CF,Primera Division
Gil Vicente FC,Liga Nos
Gillingham FC,Other
Gimnasia,Argentina
Gimnàstic de Tarragona,Primera Division
Girona FC,Primera Division
Glentoran,Other
Gloria Bistrita,Other
Go Ahead Eagles Deventer,Other
Godoy Cruz,Argentina
Goiás EC,Other
Golden Arrows,Other
Gornik U19,Other
Granada 74 CF,Other
Granada CF,Primera Division
Grasshoppers,Other
Grazer AK,Austria
Grenoble Foot 38,Ligue 1
Grimsby Town,Other
Grodzisk,Polonia
Gron./Cam. U19,Other
Grosseto,Other
Grêmio,Brazil
Grödig,Austria
Guarani,Brazil
Guaratinguetá,Other
Guidars FC,Other
Gwarek Zabrze,Other
Górnik Zabrze,Polonia
H. Petah Tikva,Other
HB CFFC,Other
HJK Helsinki,Other
HNK Rijeka,Croatia
HNK Sibenik,Other
Hajduk Kula,Serbia
Hajduk Split,Croatia
Haladás,Hungary
Halesowen,Other
Halifax Town,Other
Halmstad,Sweden
Hamburger SV,1 Bundesliga
Hamilton Acad.,Other
Hammarby,Sweden
Hampton & Rich.,Other
Hannover 96,1 Bundesliga
Hapoel Haifa,Other
Hapoel Tel Aviv,Other
Hartlepool Utd.,Other
Haugesund,Norway
Heart of Midl.,Other
Hearts of Abuja,Other
Hednesford,Other
Hellas Verona,Serie A
Helmond Sport,Other
Helsingborg,Sweden
Heracles Almelo,Eredivisie
Herediano,Other
Hereford Utd.,Other
Herfölge BK,Other
Hertha BSC,1 Bundesliga
Hibernian FC,Scotland
Hilal,Other
Histon FC,Other
Holstein Kiel,Other
Honvéd,Other
Honvéd FC,Hungary
Horizont,Other
Houston,Usa
Hradec Králové,Other
Hrv Dragovoljac,Other
Huachipato FC,Chile
Huddersfield Town,Premier League
Hull City,Premier League
Huracán,Argentina
Hvidovre IF,Other
Häcken,Sweden
Hércules CF,Primera Division
IFK Göteborg,Sweden
Imperial Acad.,Other
Indep. Medellín,Other
Indep. Santa Fe,Other
Independiente,Argentina
Indios,Mexico
Instituto AC,Other
Inter Allies,Other
Inter Bratislava,Other
Inter Zapresic,Other
Internacional,Brazil
Inverness Cal.,Other
Ipatinga FC,Other
Ipswich Town,Premier League
Iraklis,Greece
Iraty SC,Other
Ismaily,Other
Istanbulspor,Other
Istra 1961 U19,Other
Ittihad,Other
Ituano,Other
Iwuanyanwu Nat.,Other
JEF Utd. Chiba,Other
JMalucelli,Other
JS Kabylie,Other
JS Suning,Other
Jagiellonia,Polonia
Jagodina,Serbia
Jaguares,Mexico
Jahn Regensburg,Other
Jeanne d'Arc,Other
Jeju Utd.,Other
Juan Aurich,Other
Junior FC,Other
Juve Stabia,Other
Juventud,Uruguay
Juventude,Brazil
Juventus FC,Serie A
Jönköping,Sweden
Júbilo Iwata,Other
K. Offenbach,Other
KAA Gent,Belgium
KAS Eupen,Belgium
KF Skënderbeu,Other
KF Vllaznia,Other
KF Vushtrria,Other
KFC Uerdingen 05,1 Bundesliga
KFC Verbr. Geel,Other
KRC Genk,Belgium
KS Samara,Other
KSC Lokeren,Other
KSK Beveren,Belgium
KSV Roeselare,Belgium
KV Kortrijk,Belgium
KV Mechelen,Belgium
KV Oostende,Belgium
Kadji Sports,Other
Kairat Almaty,Other
Kaizer Chiefs,Other
Kalmar FF,Sweden
KamAZ Naberezhnye Chelny,Other
Kamen Ingrad,Croatia
Kansas,Usa
Kaposvár,Hungary
Karlsruher SC,1 Bundesliga
Karpaty,Ukraine
Kashima Antlers,Other
Kashiwa Reysol,Other
Kasimpasa,Other
Kawasaki Front.,Other
Kawkab Marrakech,Other
Kayserispor,Turkey
Kettering Town,Other
Kickers Emden,Other
Kidderminster,Other
Kilmarnock FC,Scotland
Kocaelispor,Turkey
Konyaspor,Turkey
Korona Kielce,Polonia
Krasnodar 2,Other
Krylya Sovetov Samara,Premier Liga
Kuban Krasnodar,Premier Liga
Kyoto Sanga,Other
LASK,Austria
LB Châteauroux,Other
LD Alajuelense,Other
LDU Quito,Other
LKS Lodz,Other
LOSC Lille,Ligue 1
Landskrona,Sweden
Lanús,Argentina
Latina Calcio,Other
Lausanne-Sport,Switzerland
Le Mans FC,Other
Le Mans UC 72,Other
Le Mans Union Club 72,Ligue 1
Lech Poznan,Other
Lechia Gdansk,Other
Leeds United,Premier League
Legia Warszawa,Other
Leicester City,Premier League
Leixões SC,Liga Nos
Lemona,Other
Leningradets,Other
Leones FC,Other
Levante UD,Primera Division
Levski Sofia,Other
Leyton Orient,Other
León,Mexico
Liaoning FC,Other
Lib.-St.-Seurin,Other
Libertad,Other
Lienden,Other
Lierse SK,Belgium
Lillestrøm SK,Norway
Limerick FC,Other
Lincoln City,Other
Linense-SP,Other
Linfield,Other
Litex Lovetch,Other
Liverpool FC,Premier League
Livingston FC,Scotland
Lobi Stars,Other
Lok. Plovdiv,Other
Lok. Sofia,Other
Loko Moscow,Other
Loko Tashkent,Other
Loko-Kazanka M.,Other
Lokomotiv Moscow,Premier Liga
Longford Town,Other
Lorca Dep.,Other
Louh.-Cuiseaux,Other
Louletano,Other
Lucchese,Other
Luch Vladivostok,Other
Ludogorets,Other
Lupa Piacenza,Other
Luqueño,Other
Luton Town,Premier League
Lyngby BK,Denmark
Lyngby FC,Other
M. Petah Tikva,Other
M. Swallows,Other
M. Tel Aviv,Other
MC Oran,Other
MFK Košice,Other
MK Dons,Other
MSK Zilina,Other
MSP Szamotuly,Other
MSV Duisburg,1 Bundesliga
MTK Budapest,Hungary
MTK Hungária,Other
MVV Maastricht,Eredivisie
MYPA,Other
Maccabi Haifa,Other
Maccabi Netanya,Other
Macclesfield,Other
Madureira-RJ,Other
Maga,Other
Maldonado,Other
Malmö FF,Sweden
Manchester City,Premier League
Manchester United,Premier League
Mangasport,Other
Mansfield Town,Other
Maputo,Other
Melbourne,Other
Melbourne City,Other
Melbourne Heart,Other
Metalist,Ukraine
Metallurg D.,Other
Metalurgs,Other
MetroStars,Other
Middlesbrough FC,Premier League
Miedz Legnica,Other
Milan AC,Serie A
Millwall FC,Premier League
Mineros,Other
Mirassol-SP,Other
Mjällby,Sweden
Mladá Boleslav,Other
Modena FC,Serie A
Modrica Maxima,Other
Mogi Mirim,Brazil
Mogren Budva,Other
Molde,Norway
Monarcas Morelia,Mexico
Monte Alegre Futebol Clube (SP),Other
Monte Azul-SP,Other
Monterrey,Mexico
Montijo,Other
Montpellier HSC,Ligue 1
Monza,Other
Mordovia Saransk,Premier Liga
Moreirense FC,Liga Nos
Morton,Scotland
Motherwell FC,Scotland
Mouscron,Belgium
Muçulmana,Other
Málaga CF,Primera Division
NA Hussein Dey,Other
NAC Breda,Eredivisie
ND Gorica,Other
NEC Nijmegen,Eredivisie
NK Celje,Other
NK Domzale,Other
NK Istra,Croatia
NK Lokomotiva,Croatia
NK Maribor,Other
NK Marsonia,Other
NK Olimpija,Other
NK Osijek,Croatia
NK Zadar,Croatia
NK Zagreb,Croatia
NY Red Bulls,Usa
NYCFC,Other
Naval 1º de Maio,Liga Nos
Necaxa,Mexico
Neftekhimik,Other
Newcastle United,Premier League
Newell's,Argentina
Newport County,Other
Nordsjaelland,Other
Norrköping,Sweden
Northampton,Other
Norwich City,Premier League
Notodden,Other
Nottingham Forest,Premier League
Nottm Forest,Other
Notts County,Other
Novara Calcio 1908,Serie A
Nuneaton,Other
Náutico,Brazil
Nîmes Olympique,Ligue 1
O'Higgins,Chile
O. Khouribga,Other
OFI Crete,Greece
OFK Beograd,Serbia
OGC Nice,Ligue 1
Odds BK,Norway
Odense BK,Denmark
Odivelas,Other
Odra Wodzislaw,Other
Olbia,Other
Oldham Athletic,Premier League
Olimpia,Other
Olimpo,Argentina
Olymp. Lyon B,Other
Olympiacos,Greece
Olympique Lyon,Ligue 1
Olympique Marseille,Ligue 1
Once Caldas,Other
Orlando Pirates,Other
Osmanlispor,Other
Otelul Galati,Other
Oxford United,Other
PAOK Salonika,Other
PAS Giannina,Greece
PEC Zwolle,Eredivisie
PFK Lviv,Other
PFK Tambov,Other
PSV Eindhoven,Eredivisie
PSV Rostock,Other
Palmeiras,Brazil
Panathinaikos,Greece
Pandurii,Romania
Panionios,Greece
Panthrakikos,Greece
Panthère du Ndé,Other
Paradou AC,Other
Paraibano-PB,Other
Paraná,Brazil
Paris FC,Other
Paris Saint-Germain,Ligue 1
Parma Calcio 1913,Serie A
Parma FC,Serie A
Parra. Power,Other
Partick Thistle,Scotland
Partizan,Serbia
Pas Teheran,Other
Pau FC,Other
Pavia,Other
Paços Ferreira,Other
Pelister Bitola,Other
Penapolense-SP,Other
Persepolis,Other
Perth Glory,Other
Peterborough United,Premier League
Petro Luanda,Other
Petrolul,Romania
Peñarol,Uruguay
Pfeddersheim,Other
Piacenza FC,Serie A
Piast Gliwice,Polonia
Pistoiese,Other
Planète Champ.,Other
Platanias,Greece
Plymouth Argyle,Premier League
Pogon Szczecin,Other
Pohang Steelers,Other
Pol. Warsaw,Other
Poli Ejido,Other
Poli. Timisoara,Other
Polonia Bytom,Polonia
Ponferradina,Other
Ponte Preta,Brazil
Pontedera,Other
Port Vale,Other
Portadown,Other
Portimonense SC,Liga Nos
Portsmouth FC,Premier League
Portuguesa,Brazil
Pr. Niederkorn,Other
Prato,Other
Preston NE,Other
Preston North End,Premier League
Preußen Münster,Other
Pro Vercelli,Other
Prog. Bukarest,Other
Progresso,Other
Proleter,Serbia
Pusan Daewoo,Other
Puskás AFC,Other
Pyunik Yerevan,Other
QPR,Other
Qarabag Agdam,Other
Queens Park Rangers,Premier League
Quilmes,Argentina
Quindío,Other
R. Strasbourg,Other
RAEC Mons,Belgium
RB Leipzig,1 Bundesliga
RB Salzburg,Austria
RBC Roosendaal,Other
RC Lens,Ligue 1
RC Strasbourg Alsace,Ligue 1
RCD Espanyol Barcelona,Primera Division
RCD Mallorca,Primera Division
RKC Waalwijk,Eredivisie
RNK Split,Croatia
RSC Anderlecht,Belgium
RSC Charleroi,Other
RW Erfurt U19,Other
RW Essen,Other
RW Frankfurt,Other
RW Oberhausen,Other
Rabotnicki,Other
Racing Club,Argentina
Racing Santander,Primera Division
Rad,Other
Radnicki K.,Serbia
Radnik,Other
Rafaela,Argentina
Rah Ahan,Other
Raith Rovers,Scotland
Raja Casablanca,Other
Randers FC,Denmark
Rangers Talca,Other
Rapid Bucharest,Other
Rapid Vienna,Austria
Ravenna,Other
Rayo Vallecano,Primera Division
Reading FC,Premier League
Real Betis Balompié,Primera Division
Real Madrid,Primera Division
Real Murcia CF,Primera Division
Real Oviedo,Primera Division
Real SC,Other
Real Sociedad,Primera Division
Real Valladolid CF,Primera Division
Real Zaragoza,Primera Division
Recr. Huelva,Other
Recre Granada,Other
Recreativo Huelva,Primera Division
Red Star,Serbia
Reggina Calcio,Serie A
Renate,Other
Rende,Other
Renova,Other
Rentistas,Uruguay
Revolution,Usa
Rieti,Other
Rimini,Other
Rio Ave FC,Liga Nos
Rio Branco-SP,Other
River Plate,Argentina
RoPS,Other
Rochdale,Other
Roda JC Kerkrade,Eredivisie
Rosenborg,Other
Rosenborg BK,Norway
Ross County,Scotland
Rostselmash Rostov,Other
Rot Weiss Ahlen,Other
Rot-Weiß Erfurt,Other
Rotherham United,Premier League
Rotor Volgograd,Premier Liga
Royal Antwerp,Belgium
Rubin Kazan,Premier Liga
Ruch Chorzow,Other
Rudar Velenje,Other
Rush. & Diamon.,Other
Rustavi,Other
Ruzomberok,Other
Rydaholms GoIF,Other
SBV Excelsior Rotterdam,Eredivisie
SC 04 Schwabach,Other
SC Bastia,Ligue 1
SC Beira-Mar,Liga Nos
SC Braga,Liga Nos
SC Cambuur-Leeuwarden,Eredivisie
SC Fortuna Köln,Other
SC Freiburg,1 Bundesliga
SC Heerenveen,Eredivisie
SC Norderstedt,Other
SC Olhanense,Liga Nos
SC Paderborn 07,1 Bundesliga
SC Union 06,Other
SC Verl,Other
SCO Angers,Ligue 1
SD Compostela,Primera Division
SD Eibar,Primera Division
SD Huesca,Primera Division
SD Luneng,Other
SE Gama,Other
SFC Opava,Other
SG Dynamo Dresden,1 Bundesliga
SG Wattenscheid 09,1 Bundesliga
SH SIPG,Other
SH Shenhua,Other
SK Brann,Norway
SK Tavriya,Other
SKA Khabarovsk,Premier Liga
SL Benfica,Liga Nos
SM Caen,Ligue 1
SO Cholet,Other
SPAL,Serie A
SPAL 2013,Serie A
SS Lazio,Serie A
SS Milazzo,Other
SSC Napoli,Serie A
SSV Reutlingen,Other
SSV Ulm 1846,1 Bundesliga
SShOR Zenit,Other
SV Darmstadt 98,1 Bundesliga
SV Kapfenberg,Other
SV Lippstadt 08,Other
SV Mattersburg,Austria
SV Meppen,Other
SV Ried,Austria
SV Sandhausen,Other
SV Wehen,Other
SV Werder Bremen,1 Bundesliga
SW Essen,Other
Saburtalo,Other
Sachsen Leipzig,Other
Sagan Tosu,Other
Salt Lake,Usa
Sambenedettese,Other
Samsunspor,Turkey
San Felipe,Other
San Francisco,Usa
San Lorenzo,Argentina
San Marino,Other
Sanf. Hiroshima,Other
Sangiustese,Other
Sant'Omero,Other
Santa Rita,Other
Santo André,Other
Santos FC,Brazil
Santos Laguna,Mexico
Sapri Calcio,Other
Saprissa,Other
Sarpsborg 08,Norway
Saturn Ramenskoe,Other
Scarborough Athletic,Other
Schweinfurt 05,Other
Scunthorpe United,Premier League
Scunthorpe Utd.,Other
Seongnam Ilhwa,Other
Servette FC,Switzerland
Sevilla Atl.,Other
Sevilla FC,Primera Division
Shakhtar 3,Other
Shakhtar D.,Other
Shamrock Rovers,Other
Sharjah FC,Other
Sharks FC,Other
Sheff Wed,Other
Sheffield United,Premier League
Sheffield Utd.,Other
Sheffield Wednesday,Premier League
Shelbourne,Other
Sheriff,Other
Shinnik Yaroslavl,Other
Shkendija,Other
Shrewsbury,Other
Siarka T.,Other
Sigma Olomouc,Other
Siirt Jetpa,Other
Sileks,Other
Silkeborg IF,Denmark
Sint-Truiden,Belgium
Siroki Brijeg,Other
Sittingbourne FC,Other
Sivasspor,Turkey
Skelmersdale,Other
Skoda Xanthi,Other
Skonto Riga,Other
Slask Wroclaw,Other
Slaven Belupo,Croatia
Slavia Prague,Other
Slavia Sofia,Other
Sligo Rovers,Other
Slo. Bratislava,Other
Sloboda Tuzla,Other
Slovan Liberec,Other
Slovácko,Other
Smederevo,Serbia
Sogndal IL,Other
Soligorsk,Other
Sounders FC,Usa
Southampton FC,Premier League
Southend United,Premier League
Southport,Other
Sp. Toulon Var,Other
SpVgg Ansbach,Other
SpVgg Greuther Fürth,1 Bundesliga
SpVgg Landshut,Other
SpVgg Neckarelz,Other
SpVgg Unterhaching,1 Bundesliga
Sparta Praha,Other
Sparta R.,Other
Sparta Rotterdam,Eredivisie
Spartak 2,Other
Spartak Moscow,Premier Liga
Spartak Nalchik,Other
Spartak Trnava,Other
Spartak V-kavkaz,Other
Spartak Vladikavkaz,Premier Liga
Spartaks,Other
Spezia Calcio,Serie A
Spfr. Siegen,Other
Sport Recife,Other
Sport. Cristal,Other
Sporting CP,Liga Nos
Sporting Gijón,Primera Division
St-Étienne U19,Other
St. George Saints,Other
St. Johnstone,Other
St. Mirren,Other
St. Mirren FC U17,Other
St. Patricks,Other
Stabæk Fotball,Norway
Stade Brest 29,Ligue 1
Stade Lavallois,Other
Stade Reims,Ligue 1
Stade Rennais FC,Ligue 1
Standard Liège,Belgium
Start,Norway
Steaua Bukarest,Other
Stella Club,Other
Stevenage,Other
Stirling,Scotland
Stockport,Other
Stoke City,Premier League
Stomil Olsztyn,Other
Storm,Other
Strømsgodset,Norway
Sturm Graz,Austria
Stuttg. Kickers,Other
Suduva,Other
Sunderland AFC,Premier League
Sundowns,Other
SuperSport Utd.,Other
Sutton Utd,Other
Suwon Bluewings,Other
Swansea City,Premier League
Swindon Town,Premier League
Sydney FC,Other
Sydney Olympic,Other
São Caetano,Other
São Paulo,Brazil
Südtirol,Other
T. Royal Zulu,Other
TJ Tianhai,Other
TP Mazembe,Other
TPS,Other
TSF Ditzingen,Other
TSG 1899 Hoffenheim,1 Bundesliga
TSG Hoffenheim,Other
TSV 1860 Munich,1 Bundesliga
Tadamon Sour,Other
Tampa Bay,Usa
Tamworth,Other
Taranto,Other
Tatran Presov,Other
TeBe Berlin,Other
Telford Utd,Other
Telstar,Other
Teramo,Other
Terek Grozny,Premier Liga
Ternana,Other
Ternana U.,Other
Tervarit Oulu,Other
Tiburones Rojos,Mexico
Tigre,Argentina
Tigres UANL,Mexico
Tiro Federal,Other
Tokyo Verdy,Other
Toluca,Mexico
Tom Tomsk,Premier Liga
Tombense,Other
Torino Calcio,Serie A
Torino FC,Serie A
Toronto FC,Other
Torpedo Kutaisi,Other
Torpedo Moscow,Premier Liga
Torquay United,Other
Torres,Other
Tottenham Hotspur,Premier League
Tours FC,Other
Trabzonspor,Turkey
Tranmere Rovers,Other
Trapani,Other
Trelleborg,Sweden
Triestina,Other
Tromsø IL,Norway
Três Passos,Other
Tskhinvali,Other
TuS Celle FC,Other
Tuttocuoio,Other
Twente Enschede FC,Eredivisie
Twente FC,Other
Táchira,Other
U. de Chile,Other
UAG Tecos,Other
UC AlbinoLeffe,Other
UC Sampdoria,Serie A
UCD,Other
UD Almería,Primera Division
UD Las Palmas,Primera Division
UD Salamanca (liq.),Primera Division
UNAM Pumas,Other
US Boulogne,Ligue 1
US Cremonese,Serie A
US Gorée,Other
US Lecce,Serie A
US Orléans,Other
US Palermo,Serie A
US Salernitana,Serie A
US Sassuolo,Serie A
USM Alger,Other
USM Porres,Other
Udinese Calcio,Serie A
Ulsan Hyundai,Other
Ult. Strikers,Other
Union Innsbruck,Other
Univ. Craiova,Other
Universitario,Other
União São João,Other
União de Leiria,Liga Nos
Unknown,Other
Ural Yekaterinburg,Premier Liga
Uralmash Ekaterinburg,Other
Urawa Reds,Other
V. Francavilla,Other
VPS,Other
VVV-Venlo,Eredivisie
Valencia CF,Primera Division
Valenciennes FC,Ligue 1
Valmiera,Other
Vancouver,Other
Vannes,Other
Varese,Other
Varteks,Other
Varzim SC,Other
Vasas SC,Other
Vasco da Gama,Brazil
Veendam,Other
Vegalta Sendai,Other
Veles Moskow,Other
Veranopolis,Other
Vestenbergsgr.,Other
VfB Gaggenau,Other
VfB Leipzig,1 Bundesliga
VfB Lübeck,Other
VfB Oldenburg,Other
VfB Stuttgart,1 Bundesliga
VfL Bochum,1 Bundesliga
VfL Frohnlach,Other
VfL Kirchheim,Other
VfL Osnabrück,Other
VfL Wolfsburg,1 Bundesliga
Viborg FF,Denmark
Vicenza Calcio,Serie A
Videoton FC,Other
Viking FK,Norway
Viktoria Plzen,Other
Vila Nova FC,Brazil
Vila Real,Other
Villarreal CF,Primera Division
Virtus Entella,Other
Virtus Lanciano,Other
Vissel Kobe,Other
Vit. Guimarães,Other
Vitesse Arnhem,Eredivisie
Vitória Guimarães SC,Liga Nos
Vitória Setúbal FC,Liga Nos
Vizela,Other
Vojvodina,Serbia
Volga NN,Other
Volta Redonda,Other
Vozdovac,Other
Vålerenga,Norway
Vélez Sarsfield,Argentina
W. Bremen II,Other
W. Burghausen,Other
Waasl.-Beveren,Other
Wacker Tirol,Other
Wadi Degla U23,Other
Waldh. Mannheim,Other
Walsall,Other
Walton & Hersham FC,Other
Waterford FC,Other
Waterhouse,Other
Watford FC,Premier League
Wehen Wiesbaden,Other
West Adelaide SC,Other
West Bromwich Albion,Premier League
West Ham United,Premier League
Widzew Lodz,Other
Wigan Athletic,Premier League
Wilhelmshaven,Other
Willem II Tilburg,Eredivisie
Wimbledon FC,Premier League
Wisla Kraków,Polonia
Wisla Plock,Polonia
Wizards,Other
Wolfsberger AC,Austria
Wolverhampton Wanderers,Premier League
Wrexham,Other
Wuppertaler SV,Other
Wycombe Wanderers,Other
Wydad AC,Other
Würzb. Kickers,Other
Wüstenrot Sbg,Other
Xamax,Switzerland
Xerez CD,Primera Division
Yeovil Town,Other
Yokohama F. M.,Other
York City,Usa
Yverdon-Sport,Switzerland
Z. Sosnowiec,Other
ZESCO United FC,Other
Zaglebie Lubin,Other
Zalaegerszeg,Hungary
Zamalek,Other
Zamora,Other
Zawisza,Polonia
Zenit 2 S-Pb,Other
Zenit S-Pb,Other
Zenit St. Petersburg,Premier Liga
Zira FC,Other
Zob Ahan,Other
Zorya Lugansk,Other
Zrinjski Mostar,Other
Zulia FC,Other
Zulte Waregem,Belgium
Écija Balompié,Other
ÍA Akranes,Other
Örebro SK,Sweden
Örgryte,Sweden
Östersund,Sweden
Újpest FC,Hungary
